speaker,text
user,Hello, how are you?
model,I'm good, how about you?
user,I'm doing well, thank you.
model,That's great to hear!
user,What are you up to?
model,Just here, ready to chat!
user,That's nice. What's new with you?
model,Not much, just learning from conversations like this one.
user,Can you tell me a joke?
model,Sure! Why don't scientists trust atoms? Because they make up everything!
user,Haha, that's a good one!
model,I'm glad you liked it!
user,How's the weather today?
model,It's sunny and warm here! How about your location?
user,It's a bit cloudy, but not too bad.
model,That sounds cozy.
user,What's your favorite book?
model,I don't read, but I've heard about many great books.
user,Any recommendations?
model,How about "1984" by George Orwell? It's a classic.